category	uniqueID	Word
animal	aardvark	aardvark
animal	alligator	alligator
animal	alpaca	alpaca
animal	ant	ant
animal	anteater	anteater
animal	antelope	antelope
animal	badger	badger
animal	barnacle	barnacle
animal	bat1	bat
animal	bear	bear
animal	beaver	beaver
animal	bee	bee
animal	beetle	beetle
animal	bird	bird
animal	bison	bison
animal	blowfish	blowfish
animal	boar	boar
animal	bug	bug
animal	bull	bull
animal	butterfly	butterfly
animal	calf1	calf
animal	camel	camel
animal	cardinal	cardinal
animal	cat	cat
animal	caterpillar	caterpillar
animal	catfish	catfish
animal	cheetah	cheetah
animal	chick	chick
animal	chicken2	chicken
animal	chihuahua	chihuahua
animal	chinchilla	chinchilla
animal	chipmunk	chipmunk
animal	clam	clam
animal	cobra	cobra
animal	cockatoo	cockatoo
animal	cockroach	cockroach
animal	coral	coral
animal	cougar	cougar
animal	cow	cow
animal	coyote	coyote
animal	crab	crab
animal	crayfish	crayfish
animal	crow	crow
animal	dalmatian	dalmatian
animal	deer	deer
animal	dog	dog
animal	dolphin	dolphin
animal	donkey	donkey
animal	dragonfly	dragonfly
animal	duck	duck
animal	duckling	duckling
animal	eagle	eagle
animal	earwig	earwig
animal	eel	eel
animal	elephant	elephant
animal	ferret	ferret
animal	fish	fish
animal	flamingo	flamingo
animal	fly	fly
animal	fox	fox
animal	frog	frog
animal	gazelle	gazelle
animal	giraffe	giraffe
animal	goat	goat
animal	goldfish	goldfish
animal	goose	goose
animal	gopher	gopher
animal	gorilla	gorilla
animal	grasshopper	grasshopper
animal	groundhog	groundhog
animal	guinea_pig	guinea pig
animal	hamster	hamster
animal	hawk	hawk
animal	hedgehog	hedgehog
animal	hippopotamus	hippopotamus
animal	horse	horse
animal	hummingbird	hummingbird
animal	hyena	hyena
animal	iguana	iguana
animal	jellyfish	jellyfish
animal	kangaroo	kangaroo
animal	kitten	kitten
animal	koala	koala
animal	ladybug	ladybug
animal	lamb	lamb
animal	leech	leech
animal	leopard	leopard
animal	lightning_bug	lightning bug
animal	lion	lion
animal	lizard	lizard
animal	llama	llama
animal	lobster	lobster
animal	maggot	maggot
animal	manatee	manatee
animal	meerkat	meerkat
animal	mole	mole
animal	mongoose	mongoose
animal	monkey	monkey
animal	moose	moose
animal	mosquito	mosquito
animal	moth	moth
animal	mouse1	mouse
animal	mussel	mussel
animal	octopus	octopus
animal	orangutan	orangutan
animal	ostrich	ostrich
animal	otter	otter
animal	owl	owl
animal	oyster	oyster
animal	panda	panda
animal	panther	panther
animal	parrot	parrot
animal	peacock	peacock
animal	pelican	pelican
animal	penguin	penguin
animal	pheasant	pheasant
animal	pig	pig
animal	pigeon	pigeon
animal	piglet	piglet
animal	platypus	platypus
animal	polar_bear	polar bear
animal	pony	pony
animal	poodle	poodle
animal	porcupine	porcupine
animal	possum	possum
animal	praying_mantis	praying mantis
animal	puffin	puffin
animal	pug	pug
animal	puppy	puppy
animal	rabbit	rabbit
animal	raccoon	raccoon
animal	ram	ram
animal	rat	rat
animal	rattlesnake	rattlesnake
animal	reindeer	reindeer
animal	rhinoceros	rhinoceros
animal	rooster	rooster
animal	sardine	sardine
animal	scallop	scallop
animal	scorpion	scorpion
animal	sea_urchin	sea urchin
animal	seagull	seagull
animal	seahorse	seahorse
animal	seal	seal
animal	shark	shark
animal	sheep	sheep
animal	shrimp	shrimp
animal	skunk	skunk
animal	sloth	sloth
animal	slug	slug
animal	snail	snail
animal	snake	snake
animal	spider	spider
animal	squid	squid
animal	squirrel	squirrel
animal	starfish	starfish
animal	stingray	stingray
animal	swan	swan
animal	swordfish	swordfish
animal	tadpole	tadpole
animal	tarantula	tarantula
animal	tick	tick
animal	tiger	tiger
animal	toad	toad
animal	toucan	toucan
animal	turkey	turkey
animal	turtle	turtle
animal	vulture	vulture
animal	walrus	walrus
animal	warthog	warthog
animal	wasp	wasp
animal	weasel	weasel
animal	whale	whale
animal	wolf	wolf
animal	worm	worm
animal	yak	yak
animal	zebra	zebra
arts and crafts supply	bead	bead
arts and crafts supply	button1	button
arts and crafts supply	canvas	canvas
arts and crafts supply	cardboard	cardboard
arts and crafts supply	chalk	chalk
arts and crafts supply	charcoal	charcoal
arts and crafts supply	chisel	chisel
arts and crafts supply	clay	clay
arts and crafts supply	crayon	crayon
arts and crafts supply	easel	easel
arts and crafts supply	eraser	eraser
arts and crafts supply	fountain_pen	fountain pen
arts and crafts supply	glue	glue
arts and crafts supply	ink	ink
arts and crafts supply	knitting_needle	knitting needle
arts and crafts supply	loom	loom
arts and crafts supply	marble	marble
arts and crafts supply	marker	marker
arts and crafts supply	mold1	mold
arts and crafts supply	needle	needle
arts and crafts supply	paint	paint
arts and crafts supply	paintbrush	paintbrush
arts and crafts supply	palette	palette
arts and crafts supply	paper	paper
arts and crafts supply	patch	patch
arts and crafts supply	pen	pen
arts and crafts supply	pencil	pencil
arts and crafts supply	pencil_sharpener	pencil sharpener
arts and crafts supply	pin	pin
arts and crafts supply	pincushion	pincushion
arts and crafts supply	pom-pom	pom-pom
arts and crafts supply	ribbon	ribbon
arts and crafts supply	scissors	scissors
arts and crafts supply	sequin	sequin
arts and crafts supply	sewing_kit	sewing kit
arts and crafts supply	sewing_machine	sewing machine
arts and crafts supply	stamp2	stamp
arts and crafts supply	tape	tape
arts and crafts supply	thimble	thimble
arts and crafts supply	thread	thread
arts and crafts supply	wire	wire
arts and crafts supply	wire_cutters	wire cutters
arts and crafts supply	wrapping_paper	wrapping paper
arts and crafts supply	yarn	yarn
bird	bird	bird
bird	cardinal	cardinal
bird	chick	chick
bird	cockatoo	cockatoo
bird	crow	crow
bird	duck	duck
bird	duckling	duckling
bird	eagle	eagle
bird	flamingo	flamingo
bird	goose	goose
bird	hawk	hawk
bird	hummingbird	hummingbird
bird	ostrich	ostrich
bird	owl	owl
bird	parrot	parrot
bird	peacock	peacock
bird	pelican	pelican
bird	penguin	penguin
bird	pheasant	pheasant
bird	pigeon	pigeon
bird	puffin	puffin
bird	rooster	rooster
bird	seagull	seagull
bird	swan	swan
bird	toucan	toucan
bird	turkey	turkey
bird	vulture	vulture
body part	ankle	ankle
body part	arm	arm
body part	beard	beard
body part	bone	bone
body part	calf2	calf
body part	chest1	chest
body part	chin	chin
body part	ear	ear
body part	elbow	elbow
body part	eye	eye
body part	face	face
body part	finger	finger
body part	foot	foot
body part	hair	hair
body part	hand	hand
body part	hip	hip
body part	knee	knee
body part	leg	leg
body part	mouth	mouth
body part	mustache	mustache
body part	navel	navel
body part	neck	neck
body part	nose	nose
body part	shoulder	shoulder
body part	skeleton	skeleton
body part	skin	skin
body part	skull	skull
body part	stomach	stomach
body part	thumb	thumb
body part	toe	toe
body part	tongue	tongue
body part	tooth	tooth
body part	torso	torso
body part	wrist	wrist
breakfast food	bacon	bacon
breakfast food	bagel	bagel
breakfast food	bread	bread
breakfast food	breakfast	breakfast
breakfast food	cereal	cereal
breakfast food	cream_cheese	cream cheese
breakfast food	crepe	crepe
breakfast food	croissant	croissant
breakfast food	donut	donut
breakfast food	egg	egg
breakfast food	french_fries	french fries
breakfast food	granola	granola
breakfast food	grits	grits
breakfast food	ham	ham
breakfast food	hamburger	hamburger
breakfast food	hash	hash
breakfast food	honey	honey
breakfast food	jam	jam
breakfast food	maple_syrup	maple syrup
breakfast food	marmalade	marmalade
breakfast food	muffin	muffin
breakfast food	oatmeal	oatmeal
breakfast food	omelet	omelet
breakfast food	pancake	pancake
breakfast food	pastry	pastry
breakfast food	peanut_butter	peanut butter
breakfast food	roll	roll
breakfast food	sandwich	sandwich
breakfast food	sausage	sausage
breakfast food	scone	scone
breakfast food	scrambled_egg	scrambled egg
breakfast food	syrup	syrup
breakfast food	toast	toast
breakfast food	waffle	waffle
breakfast food	yogurt	yogurt
candy	candy	candy
candy	candy_bar	candy bar
candy	candy_cane	candy cane
candy	caramel	caramel
candy	chocolate	chocolate
candy	cotton_candy	cotton candy
candy	fudge	fudge
candy	gum	gum
candy	gumball	gumball
candy	gumdrop	gumdrop
candy	jelly_bean	jelly bean
candy	licorice	licorice
candy	lollipop	lollipop
candy	marshmallow	marshmallow
candy	peppermint	peppermint
candy	taffy	taffy
clothing	apron	apron
clothing	armor	armor
clothing	bandanna	bandanna
clothing	bathrobe	bathrobe
clothing	beanie	beanie
clothing	belt	belt
clothing	bikini	bikini
clothing	blazer	blazer
clothing	blouse	blouse
clothing	boa	boa
clothing	bolo_tie	bolo tie
clothing	bonnet	bonnet
clothing	boot	boot
clothing	bow1	bow
clothing	bowler_hat	bowler hat
clothing	bowtie	bowtie
clothing	boxer_shorts	boxer shorts
clothing	bra	bra
clothing	bracelet1	bracelet
clothing	bulletproof_vest	bulletproof vest
clothing	cape	cape
clothing	cardigan	cardigan
clothing	chaps	chaps
clothing	cloak	cloak
clothing	clothes	clothes
clothing	coat	coat
clothing	corset	corset
clothing	costume	costume
clothing	coverall	coverall
clothing	crown	crown
clothing	cummerbund	cummerbund
clothing	diaper	diaper
clothing	dress	dress
clothing	eye_patch	eye patch
clothing	fishnet_stockings	fishnet stockings
clothing	flip_flop	flip-flop
clothing	fur_coat	fur coat
clothing	garter	garter
clothing	glove	glove
clothing	hat	hat
clothing	headband	headband
clothing	headdress	headdress
clothing	headscarf	headscarf
clothing	hoodie	hoodie
clothing	jacket	jacket
clothing	jeans	jeans
clothing	jersey	jersey
clothing	jumpsuit	jumpsuit
clothing	kilt	kilt
clothing	kimono	kimono
clothing	lab_coat	lab coat
clothing	leggings	leggings
clothing	leotard	leotard
clothing	life_jacket	life jacket
clothing	lingerie	lingerie
clothing	loincloth	loincloth
clothing	mitten	mitten
clothing	moccasin	moccasin
clothing	muff	muff
clothing	nightshirt	nightshirt
clothing	outfit	outfit
clothing	overalls	overalls
clothing	pajamas	pajamas
clothing	panties	panties
clothing	pants	pants
clothing	pantsuit	pantsuit
clothing	pantyhose	pantyhose
clothing	polo_shirt	polo shirt
clothing	raincoat	raincoat
clothing	robe	robe
clothing	sandal	sandal
clothing	scarf	scarf
clothing	shawl	shawl
clothing	shirt	shirt
clothing	shoe	shoe
clothing	shorts	shorts
clothing	ski_boots	ski boots
clothing	skirt	skirt
clothing	slipper	slipper
clothing	snowshoe	snowshoe
clothing	snowsuit	snowsuit
clothing	sock	sock
clothing	sombrero	sombrero
clothing	spacesuit	spacesuit
clothing	stiletto	stiletto
clothing	stockings	stockings
clothing	straightjacket	straightjacket
clothing	suit	suit
clothing	suspenders	suspenders
clothing	sweater	sweater
clothing	sweatsuit	sweatsuit
clothing	swimsuit	swimsuit
clothing	t-shirt	t-shirt
clothing	tiara	tiara
clothing	tie	tie
clothing	toga	toga
clothing	top_hat	top hat
clothing	tube_top	tube top
clothing	turban	turban
clothing	turtleneck	turtleneck
clothing	tuxedo	tuxedo
clothing	undershirt	undershirt
clothing	underwear	underwear
clothing	uniform	uniform
clothing	veil	veil
clothing	vest	vest
clothing	visor	visor
clothing	wetsuit	wetsuit
clothing accessory	bandanna	bandanna
clothing accessory	belt	belt
clothing accessory	belt_buckle	belt buckle
clothing accessory	boa	boa
clothing accessory	bolo_tie	bolo tie
clothing accessory	bonnet	bonnet
clothing accessory	bow1	bow
clothing accessory	bowtie	bowtie
clothing accessory	bracelet1	bracelet
clothing accessory	bracelet2	bracelet
clothing accessory	brooch	brooch
clothing accessory	buckle	buckle
clothing accessory	button1	button
clothing accessory	corsage	corsage
clothing accessory	cufflink	cufflink
clothing accessory	cummerbund	cummerbund
clothing accessory	earring	earring
clothing accessory	eye_patch	eye patch
clothing accessory	glasses	glasses
clothing accessory	glove	glove
clothing accessory	handkerchief	handkerchief
clothing accessory	hat	hat
clothing accessory	headband	headband
clothing accessory	headdress	headdress
clothing accessory	insole	insole
clothing accessory	lanyard	lanyard
clothing accessory	mitten	mitten
clothing accessory	muff	muff
clothing accessory	patch	patch
clothing accessory	purse	purse
clothing accessory	scarf	scarf
clothing accessory	shawl	shawl
clothing accessory	sombrero	sombrero
clothing accessory	suspenders	suspenders
clothing accessory	tie	tie
clothing accessory	top_hat	top hat
clothing accessory	visor	visor
clothing accessory	watch	watch
condiment	applesauce	applesauce
condiment	butter	butter
condiment	cream_cheese	cream cheese
condiment	ginger	ginger
condiment	gravy	gravy
condiment	jam	jam
condiment	ketchup	ketchup
condiment	maple_syrup	maple syrup
condiment	marmalade	marmalade
condiment	mustard	mustard
condiment	peanut_butter	peanut butter
condiment	pesto	pesto
condiment	sauce	sauce
condiment	soy_sauce	soy sauce
condiment	syrup	syrup
construction equipment	blowtorch	blowtorch
construction equipment	bulldozer	bulldozer
construction equipment	cement_mixer	cement mixer
construction equipment	chain	chain
construction equipment	chainsaw	chainsaw
construction equipment	chisel	chisel
construction equipment	crane	crane
construction equipment	drill	drill
construction equipment	hammer	hammer
construction equipment	helmet	helmet
construction equipment	jackhammer	jackhammer
construction equipment	pliers	pliers
construction equipment	pulley	pulley
construction equipment	pump	pump
construction equipment	rope	rope
construction equipment	saw	saw
construction equipment	sawhorse	sawhorse
construction equipment	scaffold	scaffold
construction equipment	scaffolding	scaffolding
construction equipment	screwdriver	screwdriver
construction equipment	shovel	shovel
construction equipment	sledgehammer	sledgehammer
construction equipment	staple_gun	staple gun
construction equipment	steamroller	steamroller
construction equipment	tarp	tarp
construction equipment	trowel	trowel
construction equipment	wheelbarrow	wheelbarrow
construction equipment	wrench	wrench
container	aquarium	aquarium
container	ashtray	ashtray
container	backpack	backpack
container	bag	bag
container	ballot_box	ballot box
container	bank	bank
container	barrel	barrel
container	basket	basket
container	bathtub	bathtub
container	beaker	beaker
container	bedpan	bedpan
container	bin	bin
container	birdbath	birdbath
container	birdcage	birdcage
container	bottle	bottle
container	bowl	bowl
container	box	box
container	breadbox	breadbox
container	briefcase	briefcase
container	bucket	bucket
container	cabinet	cabinet
container	cage	cage
container	can	can
container	canister	canister
container	chest2	chest
container	closet	closet
container	coffee_pot	coffee pot
container	coffin	coffin
container	container	container
container	cooker	cooker
container	coop	coop
container	crate	crate
container	cup	cup
container	doghouse	doghouse
container	drawer	drawer
container	dresser	dresser
container	duffel_bag	duffel bag
container	dumpster	dumpster
container	dustpan	dustpan
container	filing_cabinet	filing cabinet
container	fishbowl	fishbowl
container	flask	flask
container	footbath	footbath
container	glass	glass
container	goblet	goblet
container	hatbox	hatbox
container	honeypot	honeypot
container	hot-water_bottle	hot-water bottle
container	hot_tub	hot tub
container	inkwell	inkwell
container	jar	jar
container	jug	jug
container	keg	keg
container	kettle	kettle
container	locker	locker
container	luggage	luggage
container	lunchbox	lunchbox
container	mailbox	mailbox
container	matchbox	matchbox
container	measuring_cup	measuring cup
container	mold1	mold
container	mug	mug
container	nightstand	nightstand
container	oilcan	oilcan
container	pan	pan
container	paper_bag	paper bag
container	petri_dish	petri dish
container	piggy_bank	piggy bank
container	pillbox	pillbox
container	pitcher	pitcher
container	pocket	pocket
container	pot	pot
container	purse	purse
container	saltshaker	saltshaker
container	sandbag	sandbag
container	sarcophagus	sarcophagus
container	shaker	shaker
container	shopping_basket	shopping basket
container	shopping_cart	shopping cart
container	suitcase	suitcase
container	swimming_pool	swimming pool
container	syringe	syringe
container	tank2	tank
container	teacup	teacup
container	teapot	teapot
container	tent	tent
container	terrarium	terrarium
container	test_tube	test tube
container	thermos	thermos
container	toolbox	toolbox
container	trashcan	trashcan
container	trunk	trunk
container	tupperware	tupperware
container	urn	urn
container	vase	vase
container	vial	vial
container	wallet	wallet
container	water_bottle	water bottle
container	water_heater	water heater
container	watering_can	watering can
container	wheelbarrow	wheelbarrow
container	wine_bottle	wine bottle
container	wine_cooler	wine cooler
container	wineglass	wineglass
container	wok	wok
dessert	baklava	baklava
dessert	banana_split	banana split
dessert	birthday_cake	birthday cake
dessert	brownie	brownie
dessert	cake	cake
dessert	cake_mix	cake mix
dessert	caramel	caramel
dessert	cheese	cheese
dessert	cheesecake	cheesecake
dessert	chocolate	chocolate
dessert	cookie	cookie
dessert	creme_brulee	creme brulee
dessert	crepe	crepe
dessert	cupcake	cupcake
dessert	dessert	dessert
dessert	donut	donut
dessert	eclair	eclair
dessert	flan	flan
dessert	fruitcake	fruitcake
dessert	fudge	fudge
dessert	ice-cream_cone	ice-cream cone
dessert	ice_cream	ice cream
dessert	milkshake	milkshake
dessert	mousse	mousse
dessert	muffin	muffin
dessert	parfait	parfait
dessert	pastry	pastry
dessert	pie	pie
dessert	popsicle	popsicle
dessert	pudding	pudding
dessert	shortbread	shortbread
dessert	sorbet	sorbet
dessert	souffle	souffle
dessert	sundae	sundae
dessert	tiramisu	tiramisu
dessert	wedding_cake	wedding cake
dessert	whipped_cream	whipped cream
drink	beer	beer
drink	champagne	champagne
drink	cocktail	cocktail
drink	coffee	coffee
drink	drink	drink
drink	eggnog	eggnog
drink	espresso	espresso
drink	hot_chocolate	hot chocolate
drink	juice	juice
drink	latte	latte
drink	lemonade	lemonade
drink	margarita	margarita
drink	milk	milk
drink	milkshake	milkshake
drink	punch1	punch
drink	smoothie	smoothie
drink	soda	soda
drink	tea	tea
drink	wine	wine
electronic device	air_conditioner	air conditioner
electronic device	amplifier	amplifier
electronic device	blender	blender
electronic device	blower	blower
electronic device	camcorder	camcorder
electronic device	camera2	camera
electronic device	cash_machine	cash machine
electronic device	cd_player	cd player
electronic device	cellphone	cellphone
electronic device	centrifuge	centrifuge
electronic device	chainsaw	chainsaw
electronic device	coffeemaker	coffeemaker
electronic device	computer	computer
electronic device	computer_screen	computer screen
electronic device	cooker	cooker
electronic device	copier	copier
electronic device	curling_iron	curling iron
electronic device	defibrillator	defibrillator
electronic device	dishwasher	dishwasher
electronic device	drill	drill
electronic device	dryer	dryer
electronic device	electric_chair	electric chair
electronic device	fan	fan
electronic device	food_processor	food processor
electronic device	freezer	freezer
electronic device	generator	generator
electronic device	hairdryer	hairdryer
electronic device	hotplate	hotplate
electronic device	icemaker	icemaker
electronic device	incubator	incubator
electronic device	iron	iron
electronic device	jackhammer	jackhammer
electronic device	joystick	joystick
electronic device	juicer2	juicer
electronic device	jukebox	jukebox
electronic device	lamp	lamp
electronic device	laptop	laptop
electronic device	metal_detector	metal detector
electronic device	microphone	microphone
electronic device	microwave	microwave
electronic device	mixer	mixer
electronic device	modem	modem
electronic device	mouse2	mouse
electronic device	music_box	music box
electronic device	pinball	pinball
electronic device	polygraph	polygraph
electronic device	printer	printer
electronic device	projector	projector
electronic device	radio	radio
electronic device	record_player	record player
electronic device	refrigerator	refrigerator
electronic device	remote_control	remote control
electronic device	router	router
electronic device	scanner	scanner
electronic device	screen1	screen
electronic device	sewing_machine	sewing machine
electronic device	shredder	shredder
electronic device	slicer	slicer
electronic device	slot_machine	slot machine
electronic device	smoke_alarm	smoke alarm
electronic device	stereo	stereo
electronic device	tablet	tablet
electronic device	tape_recorder	tape recorder
electronic device	television	television
electronic device	toaster	toaster
electronic device	toaster_oven	toaster oven
electronic device	treadmill	treadmill
electronic device	turntable	turntable
electronic device	vacuum	vacuum
electronic device	vending_machine	vending machine
electronic device	waffle_iron	waffle iron
electronic device	washing_machine	washing machine
electronic device	water_heater	water heater
electronic device	webcam	webcam
farm animal	bison	bison
farm animal	bull	bull
farm animal	calf1	calf
farm animal	chicken2	chicken
farm animal	cow	cow
farm animal	donkey	donkey
farm animal	duck	duck
farm animal	goat	goat
farm animal	goose	goose
farm animal	horse	horse
farm animal	lamb	lamb
farm animal	pig	pig
farm animal	piglet	piglet
farm animal	rabbit	rabbit
farm animal	ram	ram
farm animal	rooster	rooster
farm animal	sheep	sheep
farm animal	turkey	turkey
fastener	barrette	barrette
fastener	belt_buckle	belt buckle
fastener	bolt	bolt
fastener	bow1	bow
fastener	buckle	buckle
fastener	button1	button
fastener	chain	chain
fastener	clasp	clasp
fastener	clothespin	clothespin
fastener	combination_lock	combination lock
fastener	cufflink	cufflink
fastener	gasket	gasket
fastener	hairpin	hairpin
fastener	hook1	hook
fastener	knot	knot
fastener	latch	latch
fastener	lock	lock
fastener	nail	nail
fastener	padlock	padlock
fastener	paperclip	paperclip
fastener	peg	peg
fastener	pin	pin
fastener	rubber_band	rubber band
fastener	safety_pin	safety pin
fastener	screw	screw
fastener	staple	staple
fastener	strap	strap
fastener	tack	tack
fastener	tape	tape
fastener	thumbtack	thumbtack
fastener	velcro	velcro
fastener	zipper	zipper
food	almond	almond
food	appetizer	appetizer
food	apple	apple
food	applesauce	applesauce
food	artichoke	artichoke
food	arugula	arugula
food	asparagus	asparagus
food	avocado	avocado
food	bacon	bacon
food	bagel	bagel
food	baklava	baklava
food	banana	banana
food	banana_split	banana split
food	basil	basil
food	batter	batter
food	bean	bean
food	beet	beet
food	bell_pepper	bell pepper
food	berry	berry
food	birthday_cake	birthday cake
food	biscuit	biscuit
food	blackberry	blackberry
food	blueberry	blueberry
food	bok_choy	bok choy
food	bologna	bologna
food	bread	bread
food	breadstick	breadstick
food	breakfast	breakfast
food	broccoli	broccoli
food	brownie	brownie
food	brussels_sprouts	brussels sprouts
food	buffet	buffet
food	bun	bun
food	burrito	burrito
food	butter	butter
food	cabbage	cabbage
food	cake	cake
food	cake_mix	cake mix
food	calamari	calamari
food	calzone	calzone
food	candy	candy
food	candy_bar	candy bar
food	candy_cane	candy cane
food	cantaloupe	cantaloupe
food	caramel	caramel
food	carrot	carrot
food	cashew	cashew
food	casserole	casserole
food	catfish	catfish
food	cauliflower	cauliflower
food	caviar	caviar
food	celery	celery
food	cereal	cereal
food	cheese	cheese
food	cheeseburger	cheeseburger
food	cheesecake	cheesecake
food	cherry	cherry
food	chicken1	chicken
food	chickpea	chickpea
food	chili	chili
food	chips	chips
food	chive	chive
food	chocolate	chocolate
food	cilantro	cilantro
food	cinnamon	cinnamon
food	clam	clam
food	clove	clove
food	coconut	coconut
food	coffee_bean	coffee bean
food	coleslaw	coleslaw
food	cookie	cookie
food	cordon_bleu	cordon bleu
food	corn	corn
food	cornbread	cornbread
food	cornmeal	cornmeal
food	cotton_candy	cotton candy
food	crab	crab
food	cracker	cracker
food	cranberry	cranberry
food	crayfish	crayfish
food	cream_cheese	cream cheese
food	creme_brulee	creme brulee
food	crepe	crepe
food	croissant	croissant
food	crouton	crouton
food	crumb	crumb
food	cucumber	cucumber
food	cupcake	cupcake
food	curry	curry
food	dessert	dessert
food	dip	dip
food	donut	donut
food	dough	dough
food	dumpling	dumpling
food	easter_egg	easter egg
food	eclair	eclair
food	eel	eel
food	egg	egg
food	egg_roll	egg roll
food	eggplant	eggplant
food	enchilada	enchilada
food	fast_food	fast food
food	fig	fig
food	fish	fish
food	flan	flan
food	flour	flour
food	fondue	fondue
food	french_fries	french fries
food	fruit	fruit
food	fruitcake	fruitcake
food	fudge	fudge
food	garlic	garlic
food	ginger	ginger
food	gingerbread_man	gingerbread man
food	goat	goat
food	goose	goose
food	grain	grain
food	granola	granola
food	grape	grape
food	grapefruit	grapefruit
food	gravy	gravy
food	green_beans	green beans
food	grits	grits
food	guacamole	guacamole
food	gum	gum
food	gumball	gumball
food	gumdrop	gumdrop
food	gyro	gyro
food	ham	ham
food	hamburger	hamburger
food	hash	hash
food	honey	honey
food	hotdog	hotdog
food	hummus	hummus
food	ice_cream	ice cream
food	ice-cream_cone	ice-cream cone
food	jalapeno	jalapeno
food	jam	jam
food	jelly_bean	jelly bean
food	kale	kale
food	kebab	kebab
food	ketchup	ketchup
food	kiwi	kiwi
food	lamb	lamb
food	lamb_chop	lamb chop
food	lasagna	lasagna
food	leek	leek
food	lemon	lemon
food	lettuce	lettuce
food	licorice	licorice
food	lime	lime
food	lobster	lobster
food	lollipop	lollipop
food	macadamia	macadamia
food	macaroni	macaroni
food	mango	mango
food	maple_syrup	maple syrup
food	marmalade	marmalade
food	marshmallow	marshmallow
food	mashed_potato	mashed potato
food	meat	meat
food	meatball	meatball
food	meatloaf	meatloaf
food	melon	melon
food	mint	mint
food	mousse	mousse
food	muffin	muffin
food	mulberry	mulberry
food	mushroom	mushroom
food	mussel	mussel
food	mustard	mustard
food	nacho	nacho
food	noodle	noodle
food	nut	nut
food	oatmeal	oatmeal
food	octopus	octopus
food	okra	okra
food	olive	olive
food	omelet	omelet
food	onion	onion
food	orange	orange
food	oyster	oyster
food	pancake	pancake
food	papaya	papaya
food	parfait	parfait
food	parsley	parsley
food	pasta	pasta
food	pastry	pastry
food	patty	patty
food	pea	pea
food	peach	peach
food	peanut	peanut
food	peanut_butter	peanut butter
food	pear	pear
food	pecan	pecan
food	pepper1	pepper
food	pepper2	pepper
food	peppermint	peppermint
food	pepperoni	pepperoni
food	pesto	pesto
food	pickle	pickle
food	pie	pie
food	piecrust	piecrust
food	pig	pig
food	pineapple	pineapple
food	pistachio	pistachio
food	pita	pita
food	pizza	pizza
food	plum	plum
food	pomegranate	pomegranate
food	popcorn	popcorn
food	poppy	poppy
food	popsicle	popsicle
food	potato	potato
food	potpie	potpie
food	pretzel	pretzel
food	prune	prune
food	pudding	pudding
food	pumpkin	pumpkin
food	quesadilla	quesadilla
food	quiche	quiche
food	rabbit	rabbit
food	radish	radish
food	raisin	raisin
food	raspberry	raspberry
food	ravioli	ravioli
food	ready_meal	ready meal
food	rhubarb	rhubarb
food	rice	rice
food	roll	roll
food	saffron	saffron
food	salad	salad
food	salami	salami
food	sandwich	sandwich
food	sardine	sardine
food	sauce	sauce
food	sauerkraut	sauerkraut
food	sausage	sausage
food	scallion	scallion
food	scallop	scallop
food	scone	scone
food	scrambled_egg	scrambled egg
food	seafood	seafood
food	seaweed	seaweed
food	shortbread	shortbread
food	shrimp	shrimp
food	snack	snack
food	sorbet	sorbet
food	souffle	souffle
food	soup	soup
food	soy_sauce	soy sauce
food	spaghetti	spaghetti
food	spam	spam
food	spareribs	spareribs
food	spinach	spinach
food	spring_roll	spring roll
food	sprouts	sprouts
food	squash	squash
food	squid	squid
food	star_fruit	star fruit
food	steak	steak
food	stew	stew
food	stir_fry	stir fry
food	strawberry	strawberry
food	string_cheese	string cheese
food	stuffing	stuffing
food	sugar_cube	sugar cube
food	sundae	sundae
food	sushi	sushi
food	sweet_potato	sweet potato
food	swordfish	swordfish
food	syrup	syrup
food	taco	taco
food	taffy	taffy
food	tamale	tamale
food	tiramisu	tiramisu
food	toast	toast
food	tomato	tomato
food	tomato_sauce	tomato sauce
food	tortellini	tortellini
food	tortilla	tortilla
food	tostada	tostada
food	turkey	turkey
food	vegetable	vegetable
food	wafer	wafer
food	waffle	waffle
food	walnut	walnut
food	watermelon	watermelon
food	wedding_cake	wedding cake
food	wheat	wheat
food	whipped_cream	whipped cream
food	wrap	wrap
food	yogurt	yogurt
food	yolk	yolk
food	zucchini	zucchini
footwear	boot	boot
footwear	flip_flop	flip-flop
footwear	flipper	flipper
footwear	iceskate	iceskate
footwear	moccasin	moccasin
footwear	rollerblade	rollerblade
footwear	rollerskate	rollerskate
footwear	sandal	sandal
footwear	shoe	shoe
footwear	ski_boots	ski boots
footwear	slipper	slipper
footwear	snowshoe	snowshoe
footwear	sock	sock
footwear	stiletto	stiletto
footwear	stockings	stockings
fruit	apple	apple
fruit	avocado	avocado
fruit	banana	banana
fruit	berry	berry
fruit	blackberry	blackberry
fruit	blueberry	blueberry
fruit	cantaloupe	cantaloupe
fruit	cherry	cherry
fruit	coconut	coconut
fruit	cranberry	cranberry
fruit	fig	fig
fruit	fruit	fruit
fruit	grape	grape
fruit	grapefruit	grapefruit
fruit	kiwi	kiwi
fruit	lemon	lemon
fruit	lime	lime
fruit	mango	mango
fruit	melon	melon
fruit	mulberry	mulberry
fruit	orange	orange
fruit	papaya	papaya
fruit	peach	peach
fruit	pear	pear
fruit	pineapple	pineapple
fruit	plum	plum
fruit	pomegranate	pomegranate
fruit	prune	prune
fruit	raisin	raisin
fruit	raspberry	raspberry
fruit	star_fruit	star fruit
fruit	strawberry	strawberry
fruit	tomato	tomato
fruit	watermelon	watermelon
furniture	air_mattress	air mattress
furniture	bassinet	bassinet
furniture	beanbag	beanbag
furniture	bed	bed
furniture	bench	bench
furniture	bookshelf	bookshelf
furniture	bunkbed	bunkbed
furniture	cabinet	cabinet
furniture	chair	chair
furniture	chest2	chest
furniture	closet	closet
furniture	coat_rack	coat rack
furniture	coffee_table	coffee table
furniture	cot	cot
furniture	couch	couch
furniture	counter	counter
furniture	crib	crib
furniture	desk	desk
furniture	dresser	dresser
furniture	filing_cabinet	filing cabinet
furniture	footrest	footrest
furniture	hammock	hammock
furniture	highchair	highchair
furniture	lectern	lectern
furniture	loveseat	loveseat
furniture	mattress	mattress
furniture	nightstand	nightstand
furniture	ottoman	ottoman
furniture	rack1	rack
furniture	rack2	rack
furniture	recliner	recliner
furniture	rocking_chair	rocking chair
furniture	shelf	shelf
furniture	sofa_bed	sofa bed
furniture	step_stool	step stool
furniture	stool	stool
furniture	table	table
furniture	throne	throne
furniture	workbench	workbench
game	backgammon	backgammon
game	board_game	board game
game	checkers	checkers
game	chessboard	chessboard
game	computer	computer
game	dice	dice
game	domino	domino
game	game	game
game	hopscotch	hopscotch
game	jigsaw_puzzle	jigsaw puzzle
game	jump_rope	jump rope
game	pinball	pinball
game	playing_card	playing card
game	scrabble	scrabble
game	shuffleboard	shuffleboard
game	slot_machine	slot machine
game	ticktacktoe	ticktacktoe
game	videogame	videogame
game	yo-yo	yo-yo
garden tool	axe	axe
garden tool	chainsaw	chainsaw
garden tool	clipper1	clipper
garden tool	hatchet	hatchet
garden tool	hoe	hoe
garden tool	hose	hose
garden tool	lawnmower	lawnmower
garden tool	pickax	pickax
garden tool	pitchfork	pitchfork
garden tool	rake	rake
garden tool	saw	saw
garden tool	scissors	scissors
garden tool	shears	shears
garden tool	shovel	shovel
garden tool	sickle	sickle
garden tool	trowel	trowel
garden tool	watering_can	watering can
hardware	axe	axe
hardware	blowtorch	blowtorch
hardware	bolt	bolt
hardware	bracket	bracket
hardware	button2	button
hardware	cable	cable
hardware	can_opener	can opener
hardware	chain	chain
hardware	chainsaw	chainsaw
hardware	charger	charger
hardware	chicken_wire	chicken wire
hardware	chisel	chisel
hardware	clasp	clasp
hardware	cleaver	cleaver
hardware	clipper1	clipper
hardware	coil	coil
hardware	combination_lock	combination lock
hardware	cord	cord
hardware	corkscrew	corkscrew
hardware	crank	crank
hardware	crowbar	crowbar
hardware	doorhandle	doorhandle
hardware	doorknob	doorknob
hardware	doorknocker	doorknocker
hardware	drill	drill
hardware	duct	duct
hardware	faucet	faucet
hardware	file1	file
hardware	gear	gear
hardware	hammer	hammer
hardware	handle	handle
hardware	hinge	hinge
hardware	hook1	hook
hardware	hook2	hook
hardware	hose	hose
hardware	jackhammer	jackhammer
hardware	key	key
hardware	knob	knob
hardware	ladder	ladder
hardware	latch	latch
hardware	light_switch	light switch
hardware	lightbulb	lightbulb
hardware	lock	lock
hardware	mallet	mallet
hardware	nail	nail
hardware	padlock	padlock
hardware	peg	peg
hardware	pickax	pickax
hardware	pipe2	pipe
hardware	pliers	pliers
hardware	plug	plug
hardware	plunger	plunger
hardware	rake	rake
hardware	ratchet	ratchet
hardware	saw	saw
hardware	sawhorse	sawhorse
hardware	scraper	scraper
hardware	screw	screw
hardware	screwdriver	screwdriver
hardware	shears	shears
hardware	shovel	shovel
hardware	sledgehammer	sledgehammer
hardware	soldering_iron	soldering iron
hardware	spark_plug	spark plug
hardware	staple_gun	staple gun
hardware	strainer	strainer
hardware	switch	switch
hardware	tack	tack
hardware	tank2	tank
hardware	thermometer	thermometer
hardware	tool	tool
hardware	trowel	trowel
hardware	tweezers	tweezers
hardware	valve	valve
hardware	vise	vise
hardware	wedge	wedge
hardware	wire	wire
hardware	wire_cutters	wire cutters
hardware	wrench	wrench
headwear	bandanna	bandanna
headwear	beanie	beanie
headwear	bonnet	bonnet
headwear	bowler_hat	bowler hat
headwear	crown	crown
headwear	football_helmet	football helmet
headwear	hairnet	hairnet
headwear	hat	hat
headwear	headband	headband
headwear	headdress	headdress
headwear	headscarf	headscarf
headwear	helmet	helmet
headwear	hood	hood
headwear	sombrero	sombrero
headwear	tiara	tiara
headwear	top_hat	top hat
headwear	turban	turban
headwear	veil	veil
headwear	wig	wig
home appliance	air_conditioner	air conditioner
home appliance	blender	blender
home appliance	blower	blower
home appliance	coffeemaker	coffeemaker
home appliance	cooker	cooker
home appliance	cooler	cooler
home appliance	curling_iron	curling iron
home appliance	dishwasher	dishwasher
home appliance	dryer	dryer
home appliance	fan	fan
home appliance	flatiron	flatiron
home appliance	food_processor	food processor
home appliance	freezer	freezer
home appliance	hairdryer	hairdryer
home appliance	heater	heater
home appliance	hotplate	hotplate
home appliance	icemaker	icemaker
home appliance	iron	iron
home appliance	juicer2	juicer
home appliance	lawnmower	lawnmower
home appliance	meat_grinder	meat grinder
home appliance	microwave	microwave
home appliance	mixer	mixer
home appliance	oven	oven
home appliance	refrigerator	refrigerator
home appliance	sewing_machine	sewing machine
home appliance	soda_fountain	soda fountain
home appliance	stove1	stove
home appliance	television	television
home appliance	thermostat	thermostat
home appliance	toaster	toaster
home appliance	toaster_oven	toaster oven
home appliance	vacuum	vacuum
home appliance	waffle_iron	waffle iron
home appliance	washing_machine	washing machine
home appliance	water_cooler	water cooler
home appliance	water_heater	water heater
home appliance	wine_cooler	wine cooler
home decor	abacus	abacus
home decor	album	album
home decor	aquarium	aquarium
home decor	birdbath	birdbath
home decor	birdcage	birdcage
home decor	birdhouse	birdhouse
home decor	bonsai	bonsai
home decor	candelabra	candelabra
home decor	candle	candle
home decor	candlestick	candlestick
home decor	centerpiece	centerpiece
home decor	chandelier	chandelier
home decor	christmas_tree	christmas tree
home decor	coaster	coaster
home decor	cornucopia	cornucopia
home decor	crystal_ball	crystal ball
home decor	cuckoo_clock	cuckoo clock
home decor	curtain	curtain
home decor	doily	doily
home decor	doorknocker	doorknocker
home decor	figurine	figurine
home decor	frame	frame
home decor	globe	globe
home decor	gourd	gourd
home decor	hourglass	hourglass
home decor	lamp	lamp
home decor	lampshade	lampshade
home decor	mirror	mirror
home decor	pillow	pillow
home decor	pinecone	pinecone
home decor	pinwheel	pinwheel
home decor	place_mat	place mat
home decor	poster	poster
home decor	potpourri	potpourri
home decor	rug	rug
home decor	scarecrow	scarecrow
home decor	stained_glass	stained glass
home decor	statue	statue
home decor	tapestry	tapestry
home decor	terrarium	terrarium
home decor	vase	vase
home decor	wallpaper	wallpaper
home decor	weather_vane	weather vane
home decor	wind_chimes	wind chimes
home decor	wreath	wreath
insect	ant	ant
insect	bee	bee
insect	beetle	beetle
insect	bug	bug
insect	butterfly	butterfly
insect	caterpillar	caterpillar
insect	cockroach	cockroach
insect	dragonfly	dragonfly
insect	earwig	earwig
insect	fly	fly
insect	grasshopper	grasshopper
insect	ladybug	ladybug
insect	lightning_bug	lightning bug
insect	mosquito	mosquito
insect	moth	moth
insect	praying_mantis	praying mantis
insect	wasp	wasp
jewelry	anklet	anklet
jewelry	barrette	barrette
jewelry	bracelet2	bracelet
jewelry	brooch	brooch
jewelry	crown	crown
jewelry	cufflink	cufflink
jewelry	earring	earring
jewelry	hairpin	hairpin
jewelry	jewelry	jewelry
jewelry	locket	locket
jewelry	necklace	necklace
jewelry	pocket_watch	pocket watch
jewelry	ring	ring
jewelry	tiara	tiara
jewelry	watch	watch
kitchen appliance	blender	blender
kitchen appliance	burner	burner
kitchen appliance	coffeemaker	coffeemaker
kitchen appliance	cooker	cooker
kitchen appliance	dishwasher	dishwasher
kitchen appliance	food_processor	food processor
kitchen appliance	freezer	freezer
kitchen appliance	hotplate	hotplate
kitchen appliance	icemaker	icemaker
kitchen appliance	juicer2	juicer
kitchen appliance	microwave	microwave
kitchen appliance	mixer	mixer
kitchen appliance	oven	oven
kitchen appliance	refrigerator	refrigerator
kitchen appliance	slicer	slicer
kitchen appliance	stove2	stove
kitchen appliance	toaster	toaster
kitchen appliance	toaster_oven	toaster oven
kitchen appliance	waffle_iron	waffle iron
kitchen appliance	water_filter	water filter
kitchen tool	bottle_opener	bottle opener
kitchen tool	can_opener	can opener
kitchen tool	cleaver	cleaver
kitchen tool	corkscrew	corkscrew
kitchen tool	eggbeater	eggbeater
kitchen tool	funnel	funnel
kitchen tool	grater	grater
kitchen tool	grinder	grinder
kitchen tool	icepick	icepick
kitchen tool	juicer1	juicer
kitchen tool	kettle	kettle
kitchen tool	knife	knife
kitchen tool	ladle	ladle
kitchen tool	measuring_cup	measuring cup
kitchen tool	nutcracker	nutcracker
kitchen tool	peeler	peeler
kitchen tool	pepper_mill	pepper mill
kitchen tool	rolling_pin	rolling pin
kitchen tool	scoop	scoop
kitchen tool	sifter	sifter
kitchen tool	skewer	skewer
kitchen tool	spatula	spatula
kitchen tool	spoon	spoon
kitchen tool	strainer	strainer
kitchen tool	timer	timer
kitchen tool	tongs	tongs
kitchen tool	whisk	whisk
lighting	candelabra	candelabra
lighting	candle	candle
lighting	chandelier	chandelier
lighting	flashbulb	flashbulb
lighting	flashlight	flashlight
lighting	headlamp	headlamp
lighting	headlight	headlight
lighting	lamp	lamp
lighting	lantern	lantern
lighting	lightbulb	lightbulb
lighting	lighter	lighter
lighting	match	match
lighting	penlight	penlight
lighting	streetlight	streetlight
lighting	taillight	taillight
lighting	torch	torch
mammal	aardvark	aardvark
mammal	alpaca	alpaca
mammal	anteater	anteater
mammal	antelope	antelope
mammal	badger	badger
mammal	bat1	bat
mammal	bear	bear
mammal	beaver	beaver
mammal	bison	bison
mammal	boar	boar
mammal	bull	bull
mammal	calf1	calf
mammal	camel	camel
mammal	cat	cat
mammal	cheetah	cheetah
mammal	chihuahua	chihuahua
mammal	chinchilla	chinchilla
mammal	chipmunk	chipmunk
mammal	cougar	cougar
mammal	cow	cow
mammal	coyote	coyote
mammal	dalmatian	dalmatian
mammal	deer	deer
mammal	dog	dog
mammal	dolphin	dolphin
mammal	donkey	donkey
mammal	elephant	elephant
mammal	ferret	ferret
mammal	fox	fox
mammal	gazelle	gazelle
mammal	giraffe	giraffe
mammal	goat	goat
mammal	gopher	gopher
mammal	gorilla	gorilla
mammal	groundhog	groundhog
mammal	guinea_pig	guinea pig
mammal	hamster	hamster
mammal	hedgehog	hedgehog
mammal	hippopotamus	hippopotamus
mammal	horse	horse
mammal	hyena	hyena
mammal	kangaroo	kangaroo
mammal	kitten	kitten
mammal	koala	koala
mammal	lamb	lamb
mammal	leopard	leopard
mammal	lion	lion
mammal	llama	llama
mammal	manatee	manatee
mammal	meerkat	meerkat
mammal	mole	mole
mammal	mongoose	mongoose
mammal	monkey	monkey
mammal	moose	moose
mammal	mouse1	mouse
mammal	orangutan	orangutan
mammal	otter	otter
mammal	panda	panda
mammal	panther	panther
mammal	pig	pig
mammal	piglet	piglet
mammal	platypus	platypus
mammal	polar_bear	polar bear
mammal	pony	pony
mammal	poodle	poodle
mammal	porcupine	porcupine
mammal	possum	possum
mammal	pug	pug
mammal	puppy	puppy
mammal	rabbit	rabbit
mammal	raccoon	raccoon
mammal	ram	ram
mammal	rat	rat
mammal	reindeer	reindeer
mammal	rhinoceros	rhinoceros
mammal	seal	seal
mammal	sheep	sheep
mammal	skunk	skunk
mammal	sloth	sloth
mammal	squirrel	squirrel
mammal	tiger	tiger
mammal	walrus	walrus
mammal	warthog	warthog
mammal	weasel	weasel
mammal	whale	whale
mammal	wolf	wolf
mammal	yak	yak
mammal	zebra	zebra
medical equipment	bandage	bandage
medical equipment	bedpan	bedpan
medical equipment	brace	brace
medical equipment	cane	cane
medical equipment	crutch	crutch
medical equipment	defibrillator	defibrillator
medical equipment	eye_patch	eye patch
medical equipment	eyedropper	eyedropper
medical equipment	first-aid_kit	first-aid kit
medical equipment	gauze	gauze
medical equipment	gurney	gurney
medical equipment	hearing_aid	hearing aid
medical equipment	ice_pack	ice pack
medical equipment	inhaler	inhaler
medical equipment	penlight	penlight
medical equipment	pillbox	pillbox
medical equipment	plaster_cast	plaster cast
medical equipment	scalpel	scalpel
medical equipment	sling	sling
medical equipment	stethoscope	stethoscope
medical equipment	stretcher	stretcher
medical equipment	swab	swab
medical equipment	syringe	syringe
medical equipment	tweezers	tweezers
medical equipment	vial	vial
medical equipment	walker1	walker
medical equipment	wheelchair	wheelchair
musical instrument	accordion	accordion
musical instrument	bagpipe	bagpipe
musical instrument	banjo	banjo
musical instrument	bassoon	bassoon
musical instrument	bell	bell
musical instrument	bongo	bongo
musical instrument	cello	cello
musical instrument	chime	chime
musical instrument	clarinet	clarinet
musical instrument	cymbal	cymbal
musical instrument	drum	drum
musical instrument	flute	flute
musical instrument	french_horn	french horn
musical instrument	gong	gong
musical instrument	guitar	guitar
musical instrument	harmonica	harmonica
musical instrument	harp	harp
musical instrument	horn	horn
musical instrument	kazoo	kazoo
musical instrument	keyboard	keyboard
musical instrument	mandolin	mandolin
musical instrument	organ	organ
musical instrument	piano	piano
musical instrument	recorder	recorder
musical instrument	saxophone	saxophone
musical instrument	tambourine	tambourine
musical instrument	triangle	triangle
musical instrument	trombone	trombone
musical instrument	trumpet	trumpet
musical instrument	tuba	tuba
musical instrument	ukulele	ukulele
musical instrument	violin	violin
musical instrument	xylophone	xylophone
office supply	binder	binder
office supply	clipboard	clipboard
office supply	envelope	envelope
office supply	eraser	eraser
office supply	file2	file
office supply	folder	folder
office supply	fountain_pen	fountain pen
office supply	glue	glue
office supply	highlighter	highlighter
office supply	ink	ink
office supply	notebook	notebook
office supply	notepad	notepad
office supply	paper	paper
office supply	paperclip	paperclip
office supply	pen	pen
office supply	pencil	pencil
office supply	pencil_sharpener	pencil sharpener
office supply	punch2	punch
office supply	rubber_band	rubber band
office supply	scissors	scissors
office supply	staple	staple
office supply	stapler	stapler
office supply	tack	tack
office supply	tape	tape
office supply	thumbtack	thumbtack
outerwear	apron	apron
outerwear	blazer	blazer
outerwear	cape	cape
outerwear	cloak	cloak
outerwear	coat	coat
outerwear	coverall	coverall
outerwear	fur_coat	fur coat
outerwear	glove	glove
outerwear	jacket	jacket
outerwear	jumpsuit	jumpsuit
outerwear	lab_coat	lab coat
outerwear	overalls	overalls
outerwear	raincoat	raincoat
outerwear	scarf	scarf
outerwear	shawl	shawl
outerwear	snowsuit	snowsuit
part of car	airbag	airbag
part of car	brake	brake
part of car	bumper	bumper
part of car	car_door	car door
part of car	car_seat	car seat
part of car	dashboard	dashboard
part of car	engine	engine
part of car	exhaust_pipe	exhaust pipe
part of car	gasket	gasket
part of car	gearshift	gearshift
part of car	grille	grille
part of car	handbrake	handbrake
part of car	headlight	headlight
part of car	headrest	headrest
part of car	hubcap	hubcap
part of car	license_plate	license plate
part of car	odometer	odometer
part of car	pedal	pedal
part of car	rearview_mirror	rearview mirror
part of car	rim	rim
part of car	roof_rack	roof rack
part of car	seatbelt	seatbelt
part of car	spark_plug	spark plug
part of car	speedometer	speedometer
part of car	steering_wheel	steering wheel
part of car	sunroof	sunroof
part of car	taillight	taillight
part of car	wheel	wheel
part of car	windshield	windshield
part of car	windshield_wiper	windshield wiper
personal hygiene item	clipper2	clipper
personal hygiene item	comb	comb
personal hygiene item	curling_iron	curling iron
personal hygiene item	deodorant	deodorant
personal hygiene item	diaper	diaper
personal hygiene item	eyeliner	eyeliner
personal hygiene item	flatiron	flatiron
personal hygiene item	floss	floss
personal hygiene item	hairbrush	hairbrush
personal hygiene item	hairdryer	hairdryer
personal hygiene item	hairspray	hairspray
personal hygiene item	lip_balm	lip balm
personal hygiene item	lip_gloss	lip gloss
personal hygiene item	lipstick	lipstick
personal hygiene item	makeup	makeup
personal hygiene item	mascara	mascara
personal hygiene item	nail_clippers	nail clippers
personal hygiene item	nail_file	nail file
personal hygiene item	nail_polish	nail polish
personal hygiene item	perfume	perfume
personal hygiene item	razor	razor
personal hygiene item	shaving_cream	shaving cream
personal hygiene item	shower_cap	shower cap
personal hygiene item	soap	soap
personal hygiene item	swab	swab
personal hygiene item	toilet_paper	toilet paper
personal hygiene item	toothbrush	toothbrush
personal hygiene item	toothpaste	toothpaste
personal hygiene item	toothpick	toothpick
personal hygiene item	tweezers	tweezers
personal hygiene item	washcloth	washcloth
plant	aloe	aloe
plant	apple_tree	apple tree
plant	artichoke	artichoke
plant	arugula	arugula
plant	asparagus	asparagus
plant	bamboo	bamboo
plant	basil	basil
plant	bok_choy	bok choy
plant	bonsai	bonsai
plant	broccoli	broccoli
plant	bush	bush
plant	cabbage	cabbage
plant	cactus	cactus
plant	chive	chive
plant	cilantro	cilantro
plant	clover	clover
plant	corn	corn
plant	daisy	daisy
plant	dandelion	dandelion
plant	fern	fern
plant	flower	flower
plant	grapevine	grapevine
plant	grass	grass
plant	hedge	hedge
plant	ivy	ivy
plant	kale	kale
plant	lavender	lavender
plant	leek	leek
plant	lettuce	lettuce
plant	marijuana	marijuana
plant	mint	mint
plant	moss	moss
plant	orchid	orchid
plant	palm_tree	palm tree
plant	parsley	parsley
plant	pine_tree	pine tree
plant	plant	plant
plant	poinsettia	poinsettia
plant	poppy	poppy
plant	rose	rose
plant	seaweed	seaweed
plant	spinach	spinach
plant	sunflower	sunflower
plant	tree	tree
plant	tulip	tulip
plant	tumbleweed	tumbleweed
plant	weed	weed
protective clothing	apron	apron
protective clothing	armor	armor
protective clothing	bulletproof_vest	bulletproof vest
protective clothing	coverall	coverall
protective clothing	face_mask	face mask
protective clothing	football_helmet	football helmet
protective clothing	glove	glove
protective clothing	helmet	helmet
protective clothing	kneepad	kneepad
protective clothing	lab_coat	lab coat
protective clothing	life_jacket	life jacket
protective clothing	overalls	overalls
protective clothing	raincoat	raincoat
protective clothing	spacesuit	spacesuit
protective clothing	visor	visor
protective clothing	wetsuit	wetsuit
safety equipment	armor	armor
safety equipment	bulletproof_vest	bulletproof vest
safety equipment	coverall	coverall
safety equipment	earplug	earplug
safety equipment	extinguisher	extinguisher
safety equipment	face_mask	face mask
safety equipment	fire_alarm	fire alarm
safety equipment	football_helmet	football helmet
safety equipment	gas_mask	gas mask
safety equipment	harness	harness
safety equipment	helmet	helmet
safety equipment	kneepad	kneepad
safety equipment	lab_coat	lab coat
safety equipment	life_jacket	life jacket
safety equipment	lifesaver	lifesaver
safety equipment	mouthpiece	mouthpiece
safety equipment	parachute	parachute
safety equipment	seatbelt	seatbelt
safety equipment	shield	shield
safety equipment	smoke_alarm	smoke alarm
safety equipment	spacesuit	spacesuit
school supply	backpack	backpack
school supply	binder	binder
school supply	book	book
school supply	calculator	calculator
school supply	chalk	chalk
school supply	chalkboard	chalkboard
school supply	crayon	crayon
school supply	eraser	eraser
school supply	folder	folder
school supply	fountain_pen	fountain pen
school supply	glue	glue
school supply	highlighter	highlighter
school supply	ink	ink
school supply	inkwell	inkwell
school supply	lunchbox	lunchbox
school supply	marker	marker
school supply	notebook	notebook
school supply	notepad	notepad
school supply	paper	paper
school supply	paperclip	paperclip
school supply	pen	pen
school supply	pencil	pencil
school supply	pencil_sharpener	pencil sharpener
school supply	ruler	ruler
school supply	stapler	stapler
school supply	whiteboard	whiteboard
scientific equipment	beaker	beaker
scientific equipment	blowtorch	blowtorch
scientific equipment	calculator	calculator
scientific equipment	centrifuge	centrifuge
scientific equipment	filter	filter
scientific equipment	funnel	funnel
scientific equipment	gauge	gauge
scientific equipment	gyroscope	gyroscope
scientific equipment	incubator	incubator
scientific equipment	lab_coat	lab coat
scientific equipment	magnet	magnet
scientific equipment	magnifier	magnifier
scientific equipment	magnifying_glass	magnifying glass
scientific equipment	measuring_cup	measuring cup
scientific equipment	microscope	microscope
scientific equipment	pendulum	pendulum
scientific equipment	petri_dish	petri dish
scientific equipment	polygraph	polygraph
scientific equipment	prism	prism
scientific equipment	radar	radar
scientific equipment	ruler	ruler
scientific equipment	scale	scale
scientific equipment	scalpel	scalpel
scientific equipment	seismograph	seismograph
scientific equipment	stethoscope	stethoscope
scientific equipment	swab	swab
scientific equipment	syringe	syringe
scientific equipment	tank2	tank
scientific equipment	tape_measure	tape measure
scientific equipment	telescope	telescope
scientific equipment	test_tube	test tube
scientific equipment	thermometer	thermometer
scientific equipment	timer	timer
scientific equipment	tongs	tongs
scientific equipment	tweezers	tweezers
sea animal	barnacle	barnacle
sea animal	blowfish	blowfish
sea animal	catfish	catfish
sea animal	clam	clam
sea animal	coral	coral
sea animal	crab	crab
sea animal	dolphin	dolphin
sea animal	eel	eel
sea animal	fish	fish
sea animal	jellyfish	jellyfish
sea animal	lobster	lobster
sea animal	manatee	manatee
sea animal	mussel	mussel
sea animal	octopus	octopus
sea animal	oyster	oyster
sea animal	sardine	sardine
sea animal	scallop	scallop
sea animal	sea_urchin	sea urchin
sea animal	seahorse	seahorse
sea animal	seal	seal
sea animal	shark	shark
sea animal	shrimp	shrimp
sea animal	snail	snail
sea animal	squid	squid
sea animal	starfish	starfish
sea animal	stingray	stingray
sea animal	swordfish	swordfish
sea animal	turtle	turtle
sea animal	walrus	walrus
sea animal	whale	whale
seafood	blowfish	blowfish
seafood	calamari	calamari
seafood	catfish	catfish
seafood	caviar	caviar
seafood	clam	clam
seafood	crab	crab
seafood	crayfish	crayfish
seafood	eel	eel
seafood	fish	fish
seafood	jellyfish	jellyfish
seafood	lobster	lobster
seafood	mussel	mussel
seafood	octopus	octopus
seafood	oyster	oyster
seafood	sardine	sardine
seafood	scallop	scallop
seafood	sea_urchin	sea urchin
seafood	seafood	seafood
seafood	seaweed	seaweed
seafood	shark	shark
seafood	shrimp	shrimp
seafood	snail	snail
seafood	squid	squid
seafood	swordfish	swordfish
sports equipment	balance_beam	balance beam
sports equipment	ball	ball
sports equipment	barbell	barbell
sports equipment	baseball	baseball
sports equipment	baseball_bat	baseball bat
sports equipment	baseball_glove	baseball glove
sports equipment	basketball	basketball
sports equipment	basketball_hoop	basketball hoop
sports equipment	bat2	bat
sports equipment	baton3	baton
sports equipment	baton4	baton
sports equipment	beachball	beachball
sports equipment	bobsled	bobsled
sports equipment	bowling_ball	bowling ball
sports equipment	boxing_gloves	boxing gloves
sports equipment	cleat	cleat
sports equipment	dart	dart
sports equipment	dartboard	dartboard
sports equipment	dumbbell	dumbbell
sports equipment	exerciser	exerciser
sports equipment	face_mask	face mask
sports equipment	flipper	flipper
sports equipment	football	football
sports equipment	football_helmet	football helmet
sports equipment	frisbee	frisbee
sports equipment	goggles	goggles
sports equipment	golf_club	golf club
sports equipment	helmet	helmet
sports equipment	hockey_stick	hockey stick
sports equipment	home_plate	home plate
sports equipment	iceskate	iceskate
sports equipment	javelin	javelin
sports equipment	jump_rope	jump rope
sports equipment	kneepad	kneepad
sports equipment	mouthpiece	mouthpiece
sports equipment	oar	oar
sports equipment	paddle	paddle
sports equipment	ping-pong_table	ping-pong table
sports equipment	puck	puck
sports equipment	punching_bag	punching bag
sports equipment	racket	racket
sports equipment	rollerblade	rollerblade
sports equipment	rollerskate	rollerskate
sports equipment	saddle	saddle
sports equipment	scuba	scuba
sports equipment	skateboard	skateboard
sports equipment	ski	ski
sports equipment	ski_boots	ski boots
sports equipment	ski_pole	ski pole
sports equipment	sled	sled
sports equipment	snorkel	snorkel
sports equipment	snowboard	snowboard
sports equipment	snowshoe	snowshoe
sports equipment	soccer_ball	soccer ball
sports equipment	springboard	springboard
sports equipment	stopwatch	stopwatch
sports equipment	surfboard	surfboard
sports equipment	target	target
sports equipment	tee	tee
sports equipment	tennis_ball	tennis ball
sports equipment	trampoline	trampoline
sports equipment	treadmill	treadmill
sports equipment	volleyball	volleyball
sports equipment	wetsuit	wetsuit
tool	air_pump	air pump
tool	anvil	anvil
tool	axe	axe
tool	backscratcher	backscratcher
tool	blower	blower
tool	blowtorch	blowtorch
tool	bottle_opener	bottle opener
tool	broom	broom
tool	brush	brush
tool	can_opener	can opener
tool	chain	chain
tool	chainsaw	chainsaw
tool	chisel	chisel
tool	chopsticks	chopsticks
tool	cleaver	cleaver
tool	clipper1	clipper
tool	corkscrew	corkscrew
tool	crank	crank
tool	crowbar	crowbar
tool	curling_iron	curling iron
tool	drill	drill
tool	duster	duster
tool	dustpan	dustpan
tool	eggbeater	eggbeater
tool	file1	file
tool	flyswatter	flyswatter
tool	fork	fork
tool	fountain_pen	fountain pen
tool	funnel	funnel
tool	gavel	gavel
tool	grater	grater
tool	grinder	grinder
tool	hammer	hammer
tool	hoe	hoe
tool	hose	hose
tool	icepick	icepick
tool	jack	jack
tool	jackhammer	jackhammer
tool	knife	knife
tool	ladder	ladder
tool	ladle	ladle
tool	letter_opener	letter opener
tool	lighter	lighter
tool	magnifier	magnifier
tool	magnifying_glass	magnifying glass
tool	mallet	mallet
tool	marker	marker
tool	match	match
tool	metal_detector	metal detector
tool	mop	mop
tool	nail_clippers	nail clippers
tool	nail_file	nail file
tool	needle	needle
tool	nutcracker	nutcracker
tool	paintbrush	paintbrush
tool	peeler	peeler
tool	pen	pen
tool	pencil	pencil
tool	pencil_sharpener	pencil sharpener
tool	penlight	penlight
tool	pickax	pickax
tool	pin	pin
tool	pitchfork	pitchfork
tool	pliers	pliers
tool	plunger	plunger
tool	pocketknife	pocketknife
tool	poker	poker
tool	polisher	polisher
tool	punch2	punch
tool	quill	quill
tool	rake	rake
tool	ratchet	ratchet
tool	razor	razor
tool	rolling_pin	rolling pin
tool	rope	rope
tool	ruler	ruler
tool	sandpaper	sandpaper
tool	saw	saw
tool	sawhorse	sawhorse
tool	scalpel	scalpel
tool	scissors	scissors
tool	scoop	scoop
tool	scraper	scraper
tool	screwdriver	screwdriver
tool	shears	shears
tool	shovel	shovel
tool	sickle	sickle
tool	sledgehammer	sledgehammer
tool	soldering_iron	soldering iron
tool	spatula	spatula
tool	spoon	spoon
tool	squeegee	squeegee
tool	stamp2	stamp
tool	staple_gun	staple gun
tool	sweeper	sweeper
tool	tape_measure	tape measure
tool	tongs	tongs
tool	tool	tool
tool	trident	trident
tool	trowel	trowel
tool	tweezers	tweezers
tool	vacuum	vacuum
tool	vise	vise
tool	watering_can	watering can
tool	wedge	wedge
tool	wire_cutters	wire cutters
tool	wrench	wrench
toy	ball	ball
toy	balloon	balloon
toy	beachball	beachball
toy	boomerang	boomerang
toy	crayon	crayon
toy	doll	doll
toy	dollhouse	dollhouse
toy	dreidel	dreidel
toy	frisbee	frisbee
toy	gyroscope	gyroscope
toy	hobbyhorse	hobbyhorse
toy	hula_hoop	hula hoop
toy	kaleidoscope	kaleidoscope
toy	kite	kite
toy	lego	lego
toy	marble	marble
toy	music_box	music box
toy	noisemaker	noisemaker
toy	pinwheel	pinwheel
toy	pogo_stick	pogo stick
toy	puppet	puppet
toy	rattle	rattle
toy	robot	robot
toy	rocking_horse	rocking horse
toy	scooter	scooter
toy	skateboard	skateboard
toy	slingshot	slingshot
toy	squirt_gun	squirt gun
toy	stilt	stilt
toy	teddy_bear	teddy bear
toy	toy	toy
toy	train_set	train set
toy	whoopee_cushion	whoopee cushion
toy	yo-yo	yo-yo
vegetable	artichoke	artichoke
vegetable	arugula	arugula
vegetable	asparagus	asparagus
vegetable	beet	beet
vegetable	bell_pepper	bell pepper
vegetable	bok_choy	bok choy
vegetable	broccoli	broccoli
vegetable	brussels_sprouts	brussels sprouts
vegetable	cabbage	cabbage
vegetable	carrot	carrot
vegetable	cauliflower	cauliflower
vegetable	celery	celery
vegetable	chickpea	chickpea
vegetable	chive	chive
vegetable	cilantro	cilantro
vegetable	corn	corn
vegetable	cucumber	cucumber
vegetable	eggplant	eggplant
vegetable	garlic	garlic
vegetable	gourd	gourd
vegetable	green_beans	green beans
vegetable	jalapeno	jalapeno
vegetable	kale	kale
vegetable	leek	leek
vegetable	lettuce	lettuce
vegetable	okra	okra
vegetable	onion	onion
vegetable	parsley	parsley
vegetable	pea	pea
vegetable	pepper2	pepper
vegetable	potato	potato
vegetable	pumpkin	pumpkin
vegetable	radish	radish
vegetable	rhubarb	rhubarb
vegetable	scallion	scallion
vegetable	spinach	spinach
vegetable	sprouts	sprouts
vegetable	squash	squash
vegetable	sweet_potato	sweet potato
vegetable	tomato	tomato
vegetable	vegetable	vegetable
vegetable	zucchini	zucchini
vehicle	airboat	airboat
vehicle	aircraft_carrier	aircraft carrier
vehicle	airplane	airplane
vehicle	ambulance	ambulance
vehicle	bike	bike
vehicle	boat	boat
vehicle	buggy	buggy
vehicle	bulldozer	bulldozer
vehicle	bus	bus
vehicle	camper	camper
vehicle	canoe	canoe
vehicle	car	car
vehicle	carriage	carriage
vehicle	cart	cart
vehicle	chariot	chariot
vehicle	cruise_ship	cruise ship
vehicle	dirt_bike	dirt bike
vehicle	ferry	ferry
vehicle	firetruck	firetruck
vehicle	forklift	forklift
vehicle	garbage_truck	garbage truck
vehicle	go-kart	go-kart
vehicle	golf_cart	golf cart
vehicle	gondola	gondola
vehicle	hearse	hearse
vehicle	helicopter	helicopter
vehicle	hot-air_balloon	hot-air balloon
vehicle	hovercraft	hovercraft
vehicle	humvee	humvee
vehicle	jeep	jeep
vehicle	jet	jet
vehicle	jetski	jetski
vehicle	kayak	kayak
vehicle	limousine	limousine
vehicle	minivan	minivan
vehicle	motorcycle	motorcycle
vehicle	police_car	police car
vehicle	quad	quad
vehicle	raft	raft
vehicle	rickshaw	rickshaw
vehicle	roadsweeper	roadsweeper
vehicle	rocket	rocket
vehicle	sailboat	sailboat
vehicle	school_bus	school bus
vehicle	scooter	scooter
vehicle	seaplane	seaplane
vehicle	ship	ship
vehicle	skateboard	skateboard
vehicle	sled	sled
vehicle	snowmobile	snowmobile
vehicle	snowplow	snowplow
vehicle	space_shuttle	space shuttle
vehicle	speedboat	speedboat
vehicle	station_wagon	station wagon
vehicle	steamroller	steamroller
vehicle	stroller	stroller
vehicle	submarine	submarine
vehicle	subway	subway
vehicle	taxi	taxi
vehicle	tractor	tractor
vehicle	train	train
vehicle	tricycle	tricycle
vehicle	trolley	trolley
vehicle	truck	truck
vehicle	tugboat	tugboat
vehicle	unicycle	unicycle
vehicle	van	van
vehicle	wagon	wagon
vehicle	wheelchair	wheelchair
vehicle	yacht	yacht
watercraft	airboat	airboat
watercraft	aircraft_carrier	aircraft carrier
watercraft	boat	boat
watercraft	canoe	canoe
watercraft	cruise_ship	cruise ship
watercraft	ferry	ferry
watercraft	gondola	gondola
watercraft	hovercraft	hovercraft
watercraft	jetski	jetski
watercraft	kayak	kayak
watercraft	raft	raft
watercraft	sailboat	sailboat
watercraft	seaplane	seaplane
watercraft	ship	ship
watercraft	speedboat	speedboat
watercraft	submarine	submarine
watercraft	torpedo	torpedo
watercraft	tugboat	tugboat
watercraft	yacht	yacht
weapon	arrow	arrow
weapon	axe	axe
weapon	baseball_bat	baseball bat
weapon	bat2	bat
weapon	baton2	baton
weapon	bazooka	bazooka
weapon	blowgun	blowgun
weapon	blowtorch	blowtorch
weapon	bomb	bomb
weapon	boomerang	boomerang
weapon	bow2	bow
weapon	brass_knuckles	brass knuckles
weapon	bullet	bullet
weapon	cannon	cannon
weapon	cannonball	cannonball
weapon	catapult	catapult
weapon	chainsaw	chainsaw
weapon	cleaver	cleaver
weapon	crossbow	crossbow
weapon	crowbar	crowbar
weapon	dagger	dagger
weapon	dart	dart
weapon	dynamite	dynamite
weapon	flamethrower	flamethrower
weapon	grenade	grenade
weapon	gun	gun
weapon	hammer	hammer
weapon	icepick	icepick
weapon	knife	knife
weapon	landmine	landmine
weapon	machete	machete
weapon	machine_gun	machine gun
weapon	missile	missile
weapon	pickax	pickax
weapon	pitchfork	pitchfork
weapon	pocketknife	pocketknife
weapon	razor_blade	razor blade
weapon	revolver	revolver
weapon	rifle	rifle
weapon	scalpel	scalpel
weapon	scissors	scissors
weapon	slingshot	slingshot
weapon	spear	spear
weapon	sword	sword
weapon	tank1	tank
weapon	torpedo	torpedo
weapon	trident	trident
weapon	whip	whip
women's clothing	bikini	bikini
women's clothing	blouse	blouse
women's clothing	boa	boa
women's clothing	bra	bra
women's clothing	corset	corset
women's clothing	dress	dress
women's clothing	fishnet_stockings	fishnet stockings
women's clothing	garter	garter
women's clothing	headscarf	headscarf
women's clothing	kimono	kimono
women's clothing	leggings	leggings
women's clothing	lingerie	lingerie
women's clothing	pantsuit	pantsuit
women's clothing	pantyhose	pantyhose
women's clothing	skirt	skirt
women's clothing	stiletto	stiletto
women's clothing	stockings	stockings
women's clothing	tiara	tiara
women's clothing	tube_top	tube top
women's clothing	veil	veil
